,product_url,store_id,product_id,y,y_pred,y_pred_prob,y_pred_female,y_pred_male,y_pred_neutral
0,http://groceries.asda.com/product/hair-care-dye--styling/loreal-preference-infinia--florida-honey-blonde-permanent-hair-dye/394987,3.0,394987.0,female,male,male,0.2246554175262851,0.6703655400695464,0.10497904240416837
1,www.tesco.com/groceries/en-GB/products/294873841,1.0,294873841.0,neutral,female,female,0.5096510943700984,0.3384483918522206,0.1519005137776811
2,www.tesco.com/groceries/en-GB/products/314714113,1.0,314714113.0,female,female,female,0.8142989125253192,0.0975006030477336,0.08820048442694728
3,www.tesco.com/groceries/en-GB/products/308098907,1.0,308098907.0,male,female,neutral,0.47770635819234003,0.41037793916318427,0.11191570264447581
4,https://groceries.morrisons.com/products/solv-collagen-peach--raspberry-powder/114085815,4.0,114085815.0,female,female,female,0.7809990084863204,0.12487153597647294,0.09412945553720675
5,https://groceries.morrisons.com/products/lynx-fine-fragrance-collection-deodorant-bodyspray-aqua-bergamot/113643758,4.0,113643758.0,male,male,neutral,0.35547566164113037,0.4789115103876296,0.16561282797124002
6,https://groceries.morrisons.com/products/colgate-max-white-ultra-manual-soft-toothbrush/113937158,4.0,113937158.0,male,female,neutral,0.49231219196771064,0.42346690373869394,0.08422090429359547
7,https://groceries.morrisons.com/products/morrisons-vitamin-e-400iu/111737611,4.0,111737611.0,female,female,female,0.6116671572558403,0.253428210095381,0.13490463264877875
8,http://groceries.asda.com/product/bath-shower--soap/nivea-cashmere--cotton-oil-shower-gel/45114148,3.0,45114148.0,female,female,female,0.7308992144060671,0.15612844705416956,0.11297233853976321
9,https://groceries.morrisons.com/products/nivea-cashmere--cotton-seed-oil-shower-gel/100669051,4.0,100669051.0,female,female,female,0.7308992144060671,0.15612844705416956,0.11297233853976321
10,www.tesco.com/groceries/en-GB/products/257967274,1.0,257967274.0,female,male,neutral,0.4286624651132553,0.43356125998935846,0.13777627489738628
11,www.tesco.com/groceries/en-GB/products/315381884,1.0,315381884.0,female,male,male,0.1725194761748901,0.6939759366454376,0.1335045871796723
12,https://groceries.morrisons.com/products/impulse-o2-body-spray/113302865,4.0,113302865.0,female,male,male,0.1725194761748901,0.6939759366454376,0.1335045871796723
13,https://groceries.morrisons.com/products/alpecin-c1-caffeine-shampoo/112899997,4.0,112899997.0,male,male,neutral,0.37336000225897736,0.4907963614375446,0.13584363630347815
14,https://www.sainsburys.co.uk/gol-ui/product/nivea-men-sport-shower-gel-400ml,2.0,8017050.0,male,male,male,0.21948108300659797,0.6674230815999402,0.1130958353934618
15,www.tesco.com/groceries/en-GB/products/266121806,1.0,266121806.0,female,female,female,0.7757034526893297,0.11749735889618461,0.10679918841448566
16,https://groceries.morrisons.com/products/gillette-fusion-value-pack-razor--9-blades/113037467,4.0,113037467.0,male,male,male,0.3296007184080276,0.5418259506339195,0.12857333095805293
17,https://groceries.morrisons.com/products/jolen-creme-bleach-mild/100672621,4.0,100672621.0,female,male,male,0.2545961165888434,0.5879343587166589,0.15746952469449765
18,https://groceries.morrisons.com/products/oral-b-pro-1-680-3dw-pink-rechargeable-toothbrush--travel-case/112699047,4.0,112699047.0,female,male,male,0.2415762430557719,0.6410507656331711,0.11737299131105697
19,www.tesco.com/groceries/en-GB/products/325116068,1.0,325116068.0,female,female,female,0.7833508933238068,0.11314943178892353,0.10349967488726954
20,https://groceries.morrisons.com/products/sunny-the-pink-one-5-blade-razor/111349782,4.0,111349782.0,female,female,female,0.7992478482092253,0.1249167286433988,0.07583542314737575
21,https://groceries.morrisons.com/products/king-of-shaves-sensitive-shave-gel/113038312,4.0,113038312.0,male,male,male,0.20228190680028574,0.6887513199627102,0.10896677323700406
22,https://groceries.morrisons.com/products/morrisons-vitamin-c-effervescent-vitamins/110756191,4.0,110756191.0,neutral,male,neutral,0.43710907987883196,0.456118168149128,0.10677275197204004
23,https://www.sainsburys.co.uk/gol-ui/product/vitabiotics-feroglobin-capsules-x30,2.0,7682376.0,female,female,neutral,0.4943740565979328,0.41313874101874726,0.09248720238331987
24,https://groceries.morrisons.com/products/nivea-men-protect--care-post-shave-balm/100696025,4.0,100696025.0,male,male,neutral,0.3931822347951634,0.47077503159944845,0.13604273360538813
25,https://www.sainsburys.co.uk/gol-ui/product/vitabiotics-feroglobin-liquid-original-200ml,2.0,7937905.0,female,female,female,0.6734273538192957,0.20394927954053957,0.12262336664016465
26,https://groceries.morrisons.com/products/calvin-klein-eternity-flame-edp-spray/113172693,4.0,113172693.0,female,male,male,0.16022281832565058,0.7458890377998966,0.09388814387445285
27,https://groceries.morrisons.com/products/calvin-klein-eternity-flame-edp-spray/113172693,4.0,113172693.0,female,male,male,0.16022281832565058,0.7458890377998966,0.09388814387445285
28,https://groceries.morrisons.com/products/nivea-black--white-original-72h-anti-perspirant-deodorant-roll-on/102313294,4.0,102313294.0,female,male,male,0.28879191087471756,0.5836528298684932,0.1275552592567892
29,https://groceries.morrisons.com/products/seven-seas-omega-3-fish-oil-with-vitamin-d-capsules/111998547,4.0,111998547.0,neutral,female,female,0.5419478307091017,0.36604150881597325,0.09201066047492502
30,https://groceries.morrisons.com/products/gillette-venus-razor-for-pubic-hair--skin/111887231,4.0,111887231.0,female,female,female,0.6161536300685257,0.24463442816318842,0.13921194176828572
31,https://groceries.morrisons.com/products/sobali-breeze-body-mist/110429342,4.0,110429342.0,female,female,female,0.5393801653524979,0.3289606696504209,0.1316591649970812
32,https://groceries.morrisons.com/products/rock-face-anti-ageing-moisturiser/113934619,4.0,113934619.0,male,male,male,0.2890862978242536,0.5678765463323724,0.1430371558433739
33,https://groceries.morrisons.com/products/nivea-men-sensitive-moisturiser-spf15/113903628,4.0,113903628.0,male,female,neutral,0.44442164247362415,0.41627497301716726,0.13930338450920865
34,https://groceries.morrisons.com/products/dove-advanced-antiperspirant-deodorant-pomegranate-aerosol/112923011,4.0,112923011.0,female,female,female,0.7381188599541924,0.15418253551916722,0.10769860452664043
35,https://groceries.morrisons.com/products/gillette-fusion-razor-blades-refill/113037432,4.0,113037432.0,male,female,neutral,0.4639170313706484,0.43355342300154226,0.10252954562780929
36,https://groceries.morrisons.com/products/brut-deodorant-spray/100696375,4.0,100696375.0,male,male,male,0.12827145267203716,0.7580174010254738,0.11371114630248907
37,www.tesco.com/groceries/en-GB/products/316937802,1.0,316937802.0,neutral,male,neutral,0.4145847531754297,0.4534799744712576,0.1319352723533127
38,https://groceries.morrisons.com/products/soft--gentle-magnolia-hug-anti-perspirant-spray/112792444,4.0,112792444.0,female,female,female,0.6511230930972973,0.23498186524025694,0.11389504166244566
39,https://groceries.morrisons.com/products/keia-soothing-body-mist-lavender/112365258,4.0,112365258.0,female,female,female,0.6026853799566663,0.2582694057035851,0.13904521433974865
40,https://groceries.morrisons.com/products/gillet-simply-venus-2-blades/111085481,4.0,111085481.0,female,female,female,0.5091660946932144,0.3184219770048503,0.17241192830193525
41,https://www.sainsburys.co.uk/gol-ui/product/pregnacare-plus-x60,2.0,7279153.0,female,female,female,0.638060150546926,0.2318647516545599,0.13007509779851412
42,https://www.tesco.com/groceries/en-GB/products/325316365,1.0,325316365.0,male,female,female,0.6631812950247713,0.2001823584486603,0.13663634652656842
43,https://groceries.morrisons.com/products/morrisons-tingly-natural-mint--tea-tree-oils-shower-gel/113718086,4.0,113718086.0,neutral,male,male,0.13000058468286532,0.7248501598006627,0.1451492555164719
44,https://groceries.morrisons.com/products/gillette-male-intimate-razor-blades/113697545,4.0,113697545.0,male,female,female,0.5331205682461161,0.3202533084540733,0.14662612329981065
45,https://groceries.morrisons.com/products/soft--gentle-fresh-blossom-anti-perspirant-spray/112793009,4.0,112793009.0,female,female,female,0.6544779448191842,0.23757369057606997,0.10794836460474586
46,http://groceries.asda.com/product/hair-care-dye--styling/garnier-nutrisse--black-permanent-hair-dye/29140488,3.0,29140488.0,female,male,male,0.17890165535772595,0.7221779749066656,0.09892036973560846
47,https://groceries.morrisons.com/products/childs-farm-baby-oatderma-moisturiser-fragrance-free/113180917,4.0,113180917.0,neutral,female,female,0.6748914670736844,0.19541593960262202,0.12969259332369354
48,https://groceries.morrisons.com/products/loreal-men-expert-pure-carbon-anti-spot-daily-care-moisturiser/112402151,4.0,112402151.0,male,female,female,0.5913894066359481,0.2845594966952199,0.12405109666883198
49,www.tesco.com/groceries/en-GB/products/308468551,1.0,308468551.0,neutral,male,male,0.21502159362412027,0.6774113175176194,0.10756708885826023
50,https://www.sainsburys.co.uk/gol-ui/product/tonic-health-kids-immunity-max-strength-gummies-natural-wild-berry-flavour-age-4-12-years-x30,2.0,8197474.0,neutral,male,male,0.21502159362412027,0.6774113175176194,0.10756708885826023
51,https://groceries.morrisons.com/products/venus--olay-razor-blades-refills-3-pack/105264395,4.0,105264395.0,female,female,female,0.6955621474587592,0.17443320100887552,0.1300046515323653
52,https://www.sainsburys.co.uk/gol-ui/product/wilkinson-sword-quattro-for-women-rose-gold-razor-with-x5-blades,2.0,8017152.0,female,female,female,0.6295686286166418,0.2493560827636236,0.12107528861973468
53,www.tesco.com/groceries/en-GB/products/308485789,1.0,308485789.0,male,female,female,0.6433245272090151,0.22429537286360018,0.13238009992738473
54,https://groceries.morrisons.com/products/edge-forest-fruits-e-liquid-6mg/112098321,4.0,112098321.0,neutral,female,female,0.6698319940799822,0.2238113211252835,0.10635668479473429
55,https://groceries.morrisons.com/products/wilkinson-sword-hydro-5-skin-protection-razor--9-blades/111936266,4.0,111936266.0,male,male,male,0.17843846067142233,0.7196772105047309,0.10188432882384683
56,https://groceries.morrisons.com/products/dove-men--care-antiperspirant-deodorant-fresh-aerosol/112923441,4.0,112923441.0,male,male,male,0.2901132991841414,0.5840866367744616,0.12580006404139701
57,https://groceries.morrisons.com/products/harrys-truman-starter-park-bright-orange/113260466,4.0,113260466.0,male,female,female,0.6240407306661054,0.23518929364122598,0.14076997569266844
58,https://groceries.morrisons.com/products/durex-lubricant-feel/107334246,4.0,107334246.0,female,male,male,0.32994363492531187,0.5434938154316775,0.12656254964301056
59,https://groceries.morrisons.com/products/venus-3-multicoloured-disposable-razors-4-pack/109768363,4.0,109768363.0,female,female,female,0.5957221956011481,0.27754647452599657,0.12673132987285532
60,http://groceries.asda.com/product/hair-removal--grooming/gillette-fusion-power-razor-blades/30419018,3.0,30419018.0,male,female,neutral,0.45181080804533014,0.4416568846988025,0.1065323072558673
61,http://groceries.asda.com/product/hair-care-dye--styling/loreal-preference-infinia--virginia-chestnut-brown-hair-dye/390688,3.0,390688.0,female,male,male,0.21292867358442233,0.6865951055535883,0.10047622086198932
62,https://groceries.morrisons.com/products/sure-women-antiperspirant-deodorant-aerosol-nonstop-pure-melon/113643598,4.0,113643598.0,female,male,male,0.15799511646644562,0.7463672352889337,0.09563764824462066
63,https://groceries.morrisons.com/products/vdl-fuyl-600-pineapple-peach-mango-20mg/113403834,4.0,113403834.0,female,male,neutral,0.3907649474651483,0.4838237416754821,0.12541131085936963
64,https://groceries.morrisons.com/products/gillette-venus-extra-smooth-razor/111086038,4.0,111086038.0,female,male,male,0.3004362382782284,0.5440134635446002,0.15555029817717136
65,https://groceries.morrisons.com/products/lynx--africa-anti-perspirant-deodorant-spray-for-men/100709818,4.0,100709818.0,male,male,male,0.16091418083756678,0.7425985057651333,0.09648731339729998
66,https://groceries.morrisons.com/products/wilkinson-sword-extra-2-sensitive-mens-disposable-razors/100710376,4.0,100710376.0,male,male,male,0.2594594756768457,0.5884971734344423,0.15204335088871196
67,http://groceries.asda.com/product/hair-care-dye--styling/loreal-casting-creme-gloss--mahogany-semi-permanent-hair-dye/32804989,3.0,32804989.0,female,female,female,0.7185840692631802,0.18991742054295127,0.09149851019386855
68,http://groceries.asda.com/product/hair-care-dye--styling/loreal-casting-creme-gloss--mahogany-semi-permanent-hair-dye/32804989,3.0,32804989.0,female,female,female,0.7185840692631802,0.18991742054295127,0.09149851019386855
69,https://groceries.morrisons.com/products/gillette-classic-shaving-foam-for-sensitive-skin/100695508,4.0,100695508.0,male,male,male,0.20487847605732462,0.6877538242944947,0.1073676996481807
70,https://www.sainsburys.co.uk/gol-ui/product/sanex-expert-skin-health-agave-revitalising-shower-gel-450ml,2.0,8194828.0,neutral,female,female,0.6242940190328482,0.21503230130622972,0.16067367966092203
71,https://groceries.morrisons.com/products/sure-nonstop-bright-bouquet/112390162,4.0,112390162.0,female,female,female,0.7071246984473679,0.17957675652186034,0.11329854503077166
72,https://groceries.morrisons.com/products/bic-1-sensitive-disposable-mens-razor/113899518,4.0,113899518.0,male,female,neutral,0.43805843512242293,0.43020872184520087,0.1317328430323762
73,https://www.sainsburys.co.uk/gol-ui/product/sainsburys-beauty-high-strength-berry-flavour-collagen-powder-x14,2.0,8127078.0,female,female,female,0.8216152842503026,0.09905672558616732,0.07932799016353012
74,https://groceries.morrisons.com/products/charlie-red-edt-natural-spray/109265694,4.0,109265694.0,female,female,female,0.6664823457063503,0.2626566644455259,0.0708609898481238
75,https://www.sainsburys.co.uk/gol-ui/product/right-guard-anti-perspirant-deodorant-3d--clean-250ml,2.0,6566633.0,male,female,female,0.5571093823000299,0.2962936911834336,0.14659692651653652
76,https://www.sainsburys.co.uk/gol-ui/product/centrum-men-50-multivitamins-vitamin-tablets-x30,2.0,8185398.0,male,female,female,0.6266838222164951,0.23435273773702558,0.13896344004647934
77,https://groceries.morrisons.com/products/venus-satin-care-shaving-gel-for-sensitive-skin/100667380,4.0,100667380.0,female,female,female,0.6691754102417744,0.19163125571693307,0.13919333404129242
78,https://groceries.morrisons.com/products/keia-energising-body-mist-ginger/112365143,4.0,112365143.0,female,female,female,0.6115159133578298,0.24900607259060847,0.1394780140515616
79,www.tesco.com/groceries/en-GB/products/325116543,1.0,325116543.0,male,female,female,0.6545895097449562,0.20607264173616566,0.13933784851887798
80,https://groceries.morrisons.com/products/nivea-men-anti-perspirant-deodorant-spray-cool-kick-48-hrs/100696201,4.0,100696201.0,male,female,female,0.5148670459459109,0.34369797884348124,0.1414349752106078
81,https://groceries.morrisons.com/products/boss-number-one-edt-spray/112577648,4.0,112577648.0,male,female,neutral,0.46123012669036484,0.40208742117026874,0.13668245213936653
82,https://groceries.morrisons.com/products/dettol-spring-blossom-laundry-sanitiser/113695638,4.0,113695638.0,neutral,female,female,0.6167358239360724,0.23714554416485784,0.14611863189906965
83,http://groceries.asda.com/product/mens-toiletries/loreal-men-expert-hydra-energetic-antifatigue-moisturiser/3184270,3.0,3184270.0,male,male,neutral,0.41131513523531515,0.45277648589077935,0.13590837887390547
84,https://groceries.morrisons.com/products/veet-pure-hair-removal-cream-body--legs-for-sensitive-skin/106455871,4.0,106455871.0,female,female,female,0.7657175566435969,0.1498295590660657,0.08445288429033741
85,https://groceries.morrisons.com/products/veet-pure-hair-removal-cream-body--legs-for-sensitive-skin/106455871,4.0,106455871.0,female,female,female,0.7657175566435969,0.1498295590660657,0.08445288429033741
86,https://groceries.morrisons.com/products/corsodyl-medicated-02-gum-care-alcohol-free-mouthwash-mint/102501754,4.0,102501754.0,neutral,male,male,0.3238848638483545,0.5741425674598173,0.10197256869182822
87,https://groceries.morrisons.com/products/dove-women-antiperspirant-deodorant-roll-on-classic/112922341,4.0,112922341.0,female,female,female,0.6103475553232851,0.2477481687953391,0.1419042758813759
88,https://groceries.morrisons.com/products/vaseline-intensive-care-essential-lotion/107545351,4.0,107545351.0,neutral,male,male,0.3172474186252218,0.5535145984261769,0.12923798294860117
89,https://groceries.morrisons.com/products/nivea-men-creme-moisturiser-for-face-hands--body/107215781,4.0,107215781.0,male,male,male,0.20648932248123184,0.6905764492405985,0.10293422827816977
90,https://www.sainsburys.co.uk/gol-ui/product/imperial-leather-gold-goddess-radiant-florals-golden-nectar-body-wash-250ml,2.0,8155665.0,female,female,female,0.5431918757455548,0.3198115050446379,0.1369966192098073
91,https://groceries.morrisons.com/products/nivea-men-protect--care-moisturising-shave-gel/100696068,4.0,100696068.0,male,male,male,0.3111752670664882,0.5613453342165325,0.12747939871697928
92,https://groceries.morrisons.com/products/september-scent-midnight-aura-body-mist/112177628,4.0,112177628.0,female,female,female,0.6747223033305412,0.20453065178813218,0.12074704488132672
93,https://groceries.morrisons.com/products/morrisons-three-blade-system-razor/112169231,4.0,112169231.0,male,female,neutral,0.4322670029320249,0.41316416988254845,0.15456882718542667
94,https://groceries.morrisons.com/products/gillette-proshield-blades/111578411,4.0,111578411.0,male,male,neutral,0.4266058571764013,0.42794993924395597,0.1454442035796428
95,http://groceries.asda.com/product/mens-toiletries/nivea-men-intensive-moisturising-face-cream-protect--care/21617669,3.0,21617669.0,male,female,female,0.5755064757988037,0.2821016337464229,0.14239189045477357
96,https://groceries.morrisons.com/products/nivea-men-protect--care-intensive-face-moisturiser/100695903,4.0,100695903.0,male,female,female,0.5755064757988037,0.2821016337464229,0.14239189045477357
97,www.tesco.com/groceries/en-GB/products/313855771,1.0,313855771.0,male,male,neutral,0.33163433980576934,0.4534364465455449,0.2149292136486857
98,https://groceries.morrisons.com/products/gillette-venus-deluxe-smooth-sensitive-razor-3-blades/111632297,4.0,111632297.0,female,female,female,0.5739499691069538,0.2657121867563332,0.16033784413671298
99,https://www.sainsburys.co.uk/gol-ui/product/dextro-orange-x2,2.0,6642449.0,neutral,female,female,0.6772742409660922,0.19778863754111106,0.1249371214927968
100,https://groceries.morrisons.com/products/morrisons-limescale-prevention-tablets/105517840,4.0,105517840.0,neutral,female,female,0.6529628630054497,0.20213919689566792,0.14489794009888232
101,https://groceries.morrisons.com/products/sure-women-antiperspirant-deodorant-aerosol-max-pro-freesia/113647943,4.0,113647943.0,female,female,female,0.6051111070480032,0.24892105082004012,0.1459678421319566
102,https://groceries.morrisons.com/products/dove-men-anti-perspirant-deodorant-roll-on-classic/113894160,4.0,113894160.0,male,male,male,0.26471946967474536,0.6149767564058343,0.12030377391942043
103,www.tesco.com/groceries/en-GB/products/325227062,1.0,325227062.0,male,male,male,0.2273832299129731,0.661624011769988,0.11099275831703884
104,https://groceries.morrisons.com/products/morrisons-folic-acid/111726111,4.0,111726111.0,female,female,neutral,0.4783030710952537,0.3830376600934139,0.13865926881133245
105,https://groceries.morrisons.com/products/yolo-bar-watermelon-ice-20mg/112862692,4.0,112862692.0,female,male,male,0.24356237209038978,0.6026622925867735,0.1537753353228367
106,https://www.sainsburys.co.uk/gol-ui/product/gillette-venus-proskin-sensitive-disposable-razor-x3,2.0,7546495.0,female,female,female,0.6543362180434336,0.1985102034572441,0.14715357849932234
107,https://groceries.morrisons.com/products/gillette-labs-razor-blades-refill-cartridges/112370786,4.0,112370786.0,male,male,male,0.3179247392031827,0.5325782148453024,0.14949704595151486
108,https://groceries.morrisons.com/products/sure-men-antiperspirant-deodorant-roll-on-nonstop-quantum-dry/112927687,4.0,112927687.0,male,male,male,0.1703197546585104,0.7193278669016812,0.11035237843980839
109,https://groceries.morrisons.com/products/sanex-dermo-invisible-deodorant-spray/113643344,4.0,113643344.0,female,male,male,0.22569401758683905,0.6623765709893533,0.1119294114238075
110,https://www.sainsburys.co.uk/gol-ui/product/harrys-shower-gel-stone-473ml,2.0,8064097.0,male,female,female,0.6470174247248326,0.21262614009458333,0.14035643518058413
111,https://groceries.morrisons.com/products/morrisons-mens-health-vitamins/110620294,4.0,110620294.0,male,female,neutral,0.46902005011916426,0.39405051047794043,0.13692943940289537
112,https://groceries.morrisons.com/products/88vape-ce4-clearomizer-accessory/111674681,4.0,111674681.0,neutral,female,female,0.7095875557227281,0.1620129555429596,0.12839948873431228
113,https://groceries.morrisons.com/products/cerruti-image-femme-spray/112593189,4.0,112593189.0,female,female,female,0.6078567973370599,0.2937068401061484,0.09843636255679171
114,www.tesco.com/groceries/en-GB/products/310115229,1.0,310115229.0,male,male,male,0.18729538538248242,0.7097955103803179,0.10290910423719969
115,https://groceries.morrisons.com/products/old-spice-captain-deodorant-body-spray/111902154,4.0,111902154.0,male,male,male,0.40816620102020623,0.5031051458641871,0.08872865311560678
116,www.tesco.com/groceries/en-GB/products/258909918,1.0,258909918.0,female,male,male,0.14896484748712457,0.7473993050534865,0.10363584745938884
117,https://groceries.morrisons.com/products/loreal-paris-excellence-creme-natural-brown-5-permanent-hair-dye/100688050,4.0,100688050.0,female,male,male,0.22860717211272916,0.6723567312353287,0.09903609665194216
118,https://groceries.morrisons.com/products/lynx-fine-fragrance-collection-deodorant-bodyspray-emerald-sage/113643221,4.0,113643221.0,male,male,neutral,0.3662016533489419,0.4813507661746643,0.1524475804763939
119,https://groceries.morrisons.com/products/rock-face-original-48hr-antiperspirant-deodorant/113301811,4.0,113301811.0,male,male,male,0.2100435558432483,0.6592757011794699,0.13068074297728177
120,https://groceries.morrisons.com/products/gillette-clear-gel-arctic-ice-deodorant/106320942,4.0,106320942.0,male,female,female,0.6712613040285228,0.1915863269738714,0.13715236899760572
121,www.tesco.com/groceries/en-GB/products/299488287,1.0,299488287.0,female,male,neutral,0.3810969780203654,0.4259122769971857,0.19299074498244886
122,https://groceries.morrisons.com/products/dove-men--care-advanced-antiperspirant-deodorant-extra-fresh/112922296,4.0,112922296.0,male,male,male,0.12283042054490007,0.7838655816683608,0.09330399778673908
123,https://groceries.morrisons.com/products/gillette-labs-shave-foam/112371017,4.0,112371017.0,male,male,male,0.29327224497912974,0.5654563318118546,0.14127142320901556
124,https://www.sainsburys.co.uk/gol-ui/product/vitabiotics-wellteen-him-plus-13-19-years-dual-pack-tablets-capsules-x56,2.0,7937948.0,male,male,male,0.3008367608203683,0.5401900000019257,0.15897323917770595
125,www.tesco.com/groceries/en-GB/products/314107832,1.0,314107832.0,male,female,female,0.6454961304156689,0.20564321865219515,0.14886065093213596
126,https://groceries.morrisons.com/products/wild-purple-case-and-coconut--vanilla-deodorant-starter-pack/113887656,4.0,113887656.0,female,female,female,0.684777387538653,0.19020371394650396,0.12501889851484302
127,https://groceries.morrisons.com/products/old-spice-wild-collection-deodorant-aerosol-night-panther/113982397,4.0,113982397.0,male,male,male,0.392444683148235,0.5004107820069845,0.10714453484478054
128,https://groceries.morrisons.com/products/edge-very-menthol-e-liquid-18mg/112100807,4.0,112100807.0,neutral,male,male,0.1905114810814045,0.6815836040508104,0.12790491486778505
129,https://groceries.morrisons.com/products/gillette-blue-plus-slalom-disposable-razors-8-pack/110377394,4.0,110377394.0,male,male,neutral,0.35431062445812983,0.4864802878351911,0.1592090877066791
130,https://www.sainsburys.co.uk/gol-ui/product/sanex-biomeprotect-moisturising-shower-gel-720ml,2.0,8084139.0,neutral,female,female,0.5834080797909098,0.2628233861635052,0.15376853404558508
131,https://www.sainsburys.co.uk/gol-ui/product/nivea-q10-c-lgt-fmg-body-ltn-250ml,2.0,8169212.0,neutral,female,female,0.7165987399885049,0.15576872700411143,0.12763253300738372
132,https://www.sainsburys.co.uk/gol-ui/product/nivea-men-sensitive-shower-gel-400ml,2.0,8019699.0,male,female,female,0.6376475210024273,0.2215650927721263,0.14078738622544648
133,https://groceries.morrisons.com/products/sure-antiperspirant-deodorant-nonstop-freesia--waterlily/112922211,4.0,112922211.0,female,male,male,0.17154009976759985,0.7310904069629957,0.09736949326940453
134,https://groceries.morrisons.com/products/sure-women-antiperspirant-deodorant-invisible-pure-aerosol/112922974,4.0,112922974.0,female,female,female,0.6402229775402776,0.25194866792167203,0.10782835453805034
135,https://www.sainsburys.co.uk/gol-ui/product/dove-men-care-extra-fresh-body-face-wash-400ml,2.0,8113830.0,male,female,neutral,0.4953477074737294,0.3484304312009733,0.15622186132529742
136,https://www.sainsburys.co.uk/gol-ui/product/gillette-venus-swirl-flexiball-womens-razor-2-blades,2.0,7903687.0,female,female,female,0.5578619439963655,0.32303372995244406,0.11910432605119047
137,http://groceries.asda.com/product/womens-toiletries/dove-invisible-dry-stick-antiperspirant-deodorant/22214315,3.0,22214315.0,female,female,female,0.5990371988177534,0.2598559138230157,0.1411068873592309
138,https://groceries.morrisons.com/products/harrys-5-blade-cartridge-and-handle-indigo-blue-1-pack/111965067,4.0,111965067.0,male,female,female,0.7010587511615815,0.16682251681447918,0.13211873202393937
139,https://www.sainsburys.co.uk/gol-ui/product/pregnacare-conception-max-tablets-capsules-x84,2.0,8185329.0,female,female,female,0.7448642836800955,0.1696314789600069,0.08550423735989765
140,https://groceries.morrisons.com/products/lynx-africa-bodywash/111854594,4.0,111854594.0,male,male,male,0.21802356114802363,0.6738760732274746,0.10810036562450173
141,www.tesco.com/groceries/en-GB/products/312229408,1.0,312229408.0,male,male,neutral,0.36026076455172573,0.4697363248838138,0.17000291056446046
142,https://groceries.morrisons.com/products/police-men-original-edt-spray/108650072,4.0,108650072.0,male,female,neutral,0.4668619400811756,0.39239006092248535,0.14074799899633905
143,https://groceries.morrisons.com/products/mitchum-48hr-protection-clean-control-anti-perspirant--deodorant/107909396,4.0,107909396.0,male,male,male,0.21042891368282046,0.6437386824290982,0.14583240388808136
144,https://groceries.morrisons.com/products/chewy-vites-adults-multi-vits-advance-berries-flavour-30s/114017425,4.0,114017425.0,female,male,neutral,0.37706078596666964,0.47424355214155756,0.14869566189177272
145,https://groceries.morrisons.com/products/palmolive-naturals-kids-almond-milk-shower-gel-body-wash/113164415,4.0,113164415.0,neutral,male,neutral,0.4026859773614114,0.44471472638567683,0.15259929625291174
146,https://groceries.morrisons.com/products/corsodyl-gum-strengthen--protect-whitening-toothpaste/113927523,4.0,113927523.0,female,female,female,0.7239810549667643,0.15634446285510104,0.11967448217813459
147,https://www.sainsburys.co.uk/gol-ui/product/menopace-plus-x56,2.0,6461753.0,female,female,female,0.8126571899186146,0.11656698320415546,0.07077582687722997
148,https://groceries.morrisons.com/products/tusk-mens-shaving-foam/113950125,4.0,113950125.0,male,male,neutral,0.40575472666349033,0.45281373987778534,0.14143153345872447
149,https://groceries.morrisons.com/products/nivea-men-cool-kick-48-hour-anti-perspirant-roll-on/111878166,4.0,111878166.0,male,female,neutral,0.4921909995966354,0.36495904793541906,0.1428499524679456
150,https://groceries.morrisons.com/products/wilkinson-sword-skin-defense-5-blade-razor/112525021,4.0,112525021.0,female,female,female,0.7802619519768256,0.12588701513566528,0.09385103288750916
151,https://groceries.morrisons.com/products/wild-aqua-case-and-fresh-cotton--sea-salt-deodorant-starter-pack/113887621,4.0,113887621.0,neutral,female,female,0.5518555703176314,0.27768719597287544,0.17045723370949298
152,https://www.sainsburys.co.uk/gol-ui/product/sanex-dermo-sensitive-roll-on-anti-perspirant-deodorant-50ml-4010791-p,2.0,4010791.0,male,male,neutral,0.4258937701310536,0.4317949534783945,0.1423112763905519
153,https://groceries.morrisons.com/products/sarah-jessica-parker-lovely-eau-de-parfum-spray/109254274,4.0,109254274.0,female,male,neutral,0.42294434022243466,0.4471121681604759,0.1299434916170895
154,www.tesco.com/groceries/en-GB/products/278170118,1.0,278170118.0,female,female,neutral,0.4571382012677986,0.44588184221839133,0.09697995651381008
155,www.tesco.com/groceries/en-GB/products/287305903,1.0,287305903.0,male,male,male,0.2978803517207584,0.5720464539122657,0.13007319436697587
156,https://groceries.morrisons.com/products/keia-reviving-body-mist-macadamia/112365207,4.0,112365207.0,female,female,female,0.6591461470058726,0.20738846645779085,0.13346538653633658
157,https://groceries.morrisons.com/products/wilkinson-sword-beauty-eyebrow-shaper-3pk/109760855,4.0,109760855.0,female,female,female,0.6790820752091543,0.20217237332219826,0.11874555146864746
158,https://groceries.morrisons.com/products/gillette-blue-disposable-razors-20-pack/110377511,4.0,110377511.0,male,male,male,0.2453606151569262,0.6392981401839634,0.1153412446591105
159,https://groceries.morrisons.com/products/sanex-men-active-control-antiperspirant-roll-on-deodorant-48h/100708532,4.0,100708532.0,male,female,female,0.6112642082059359,0.24173504464811438,0.14700074714594982
160,https://groceries.morrisons.com/products/seven-seas-pregnancy-vitamins---pregnancy-56s/114029696,4.0,114029696.0,female,female,female,0.6166971296017434,0.2717269651504465,0.11157590524781003
161,https://groceries.morrisons.com/products/88vape-e-liquid-fusion-6mg/111809777,4.0,111809777.0,neutral,female,female,0.5870239787758608,0.28265167281115927,0.13032434841298
162,https://groceries.morrisons.com/products/cerruti-1881-pour-femme-edt-spray/113173442,4.0,113173442.0,male,female,female,0.7204442747904705,0.1584953593980636,0.12106036581146594
163,https://groceries.morrisons.com/products/phizz-mixed-berry-3in1-hydration-electrolytes-and-vitamins-20s/113292530,4.0,113292530.0,neutral,female,female,0.6604868527868297,0.26409791924107046,0.0754152279720998
164,https://groceries.morrisons.com/products/femfresh-intimate-daily-deodorant/100704232,4.0,100704232.0,female,female,female,0.7294542197712091,0.14764762200130777,0.12289815822748332
165,www.tesco.com/groceries/en-GB/products/317752483,1.0,317752483.0,female,male,male,0.1728716707741234,0.732794579039445,0.0943337501864315
166,https://groceries.morrisons.com/products/mitchum-powder-fresh-antiperspirant-deodorant/100766927,4.0,100766927.0,female,female,female,0.7459175255809378,0.1548624806981862,0.09921999372087609
167,www.tesco.com/groceries/en-GB/products/311225881,1.0,311225881.0,male,male,male,0.21235698962839789,0.6698719904020604,0.1177710199695418
168,https://groceries.morrisons.com/products/nivea-men-hyaluron-anti-age-face-moisturising-gel/111856661,4.0,111856661.0,male,female,female,0.6319466946762279,0.2287087343602557,0.13934457096351643
169,https://www.sainsburys.co.uk/gol-ui/product/lynx-ice-chill-shower-gel-225ml,2.0,8065376.0,male,female,neutral,0.43999040101334785,0.37766496200759736,0.18234463697905476
170,www.tesco.com/groceries/en-GB/products/311431377,1.0,311431377.0,neutral,female,female,0.657808373024662,0.2035896026526326,0.13860202432270535
171,https://groceries.morrisons.com/products/oshee-vitamin-water-magnesium--b6/111332260,4.0,111332260.0,female,female,neutral,0.4143616762929817,0.41287416877274324,0.17276415493427505
172,https://groceries.morrisons.com/products/vdl-fuyl-600-pink-lemonade-20mg/113403869,4.0,113403869.0,female,female,female,0.7255603255599757,0.15816857421970898,0.11627110022031528
173,www.tesco.com/groceries/en-GB/products/316067973,1.0,316067973.0,female,female,female,0.7051010692239236,0.2093041465531278,0.08559478422294862
174,https://groceries.morrisons.com/products/sure-women-antiperspirant-deodorant-bright-bouquet-aerosol/112922886,4.0,112922886.0,female,female,female,0.6902327331432264,0.21282841045559328,0.0969388564011804
175,www.tesco.com/groceries/en-GB/products/268394433,1.0,268394433.0,female,male,male,0.21733709054437053,0.6793517110642191,0.10331119839141036
176,http://groceries.asda.com/product/hair-care-dye--styling/loreal-casting-creme-gloss--mahogany-semi-permanent-hair-dye/32804989,3.0,32804989.0,female,female,female,0.7185840692631802,0.18991742054295127,0.09149851019386855
177,http://groceries.asda.com/product/hair-care-dye--styling/loreal-casting-creme-gloss--mahogany-semi-permanent-hair-dye/32804989,3.0,32804989.0,female,female,female,0.7185840692631802,0.18991742054295127,0.09149851019386855
178,https://groceries.morrisons.com/products/tresemme-keratin-smooth-shampoo/112966408,4.0,112966408.0,female,male,male,0.22241139314419112,0.6785848756644954,0.09900373119131345
179,www.tesco.com/groceries/en-GB/products/261104645,1.0,261104645.0,female,female,neutral,0.4708361362326541,0.3920296235127307,0.13713424025461532
180,https://groceries.morrisons.com/products/domestos-bleach-white--sparkle/105713103,4.0,105713103.0,male,female,female,0.589242368036119,0.26601457631961006,0.14474305564427103
181,https://groceries.morrisons.com/products/haliborange-acd-tablets-60s/114017177,4.0,114017177.0,female,male,male,0.2760573283530759,0.5590229605212697,0.1649197111256544
182,www.tesco.com/groceries/en-GB/products/325107498,1.0,325107498.0,female,male,neutral,0.38478933591562575,0.40775317542985345,0.20745748865452085
183,https://www.sainsburys.co.uk/gol-ui/product/nivea-sun-kids-swim---play--spf-50-150ml,2.0,7209339.0,neutral,male,neutral,0.41437673990352974,0.4547103603270546,0.13091289976941564
184,http://groceries.asda.com/product/mens-toiletries/nivea-men-rehydrating-face-moisturiser-protect--care/21617671,3.0,21617671.0,male,female,female,0.5380619520520967,0.31841892096979624,0.143519126978107
185,https://groceries.morrisons.com/products/gillette-sensor-3-comfort-disposable-razors-4-pack/110376703,4.0,110376703.0,male,male,male,0.2466129037681601,0.6307980650705483,0.12258903116129165
186,https://groceries.morrisons.com/products/garnier-ultimate-blends-argan-richness-conditioner/112703499,4.0,112703499.0,female,female,female,0.6896698865357799,0.18015558385137787,0.13017452961284223
187,https://www.sainsburys.co.uk/gol-ui/product/blu-bar-pod-blueberry-sour-razz-vape-pods-20mg-ml,2.0,8210806.0,neutral,male,male,0.3241720335649074,0.5531510649762512,0.12267690145884137
188,www.tesco.com/groceries/en-GB/products/254006680,1.0,254006680.0,female,female,female,0.6013182739727442,0.25379284102993316,0.14488888499732278
189,http://groceries.asda.com/product/womens-toiletries/charlie-pink-perfumed-body-spray/14841594,3.0,14841594.0,female,female,female,0.80141749504672,0.109364089108559,0.08921841584472096
190,www.tesco.com/groceries/en-GB/products/305038725,1.0,305038725.0,male,male,male,0.23780517592156544,0.645767809084707,0.11642701499372754
191,https://www.sainsburys.co.uk/gol-ui/product/lor%C3%A9al-men-expert-hydra-energetic-extreme-sport-shower-gel-large-400ml,2.0,8184189.0,male,male,male,0.15744763101940945,0.7479567806899735,0.09459558829061701
192,www.tesco.com/groceries/en-GB/products/325115887,1.0,325115887.0,male,male,male,0.16757776542673986,0.7355706191350546,0.09685161543820565
193,https://www.tesco.com/groceries/en-GB/products/314321606,1.0,314321606.0,male,male,male,0.27197176799855194,0.6047156361680079,0.12331259583344012
194,https://www.sainsburys.co.uk/gol-ui/product/nivea-men-energy-shower-gel-400ml,2.0,8017047.0,male,male,male,0.21493058223080436,0.6719523722335726,0.11311704553562299
195,https://groceries.morrisons.com/products/sure-women-antiperspirant-deodorant-roll-on-essential-cotton-dry/113643686,4.0,113643686.0,female,female,female,0.5234825812854649,0.3016203095491533,0.1748971091653818
196,https://www.sainsburys.co.uk/gol-ui/product/vitl-female-multivitamin-capsules-x30,2.0,8051923.0,female,male,male,0.3013341956260329,0.5634497429236696,0.1352160614502974
197,https://groceries.morrisons.com/products/nivea-men-sensitive-skin--stubble-moisturising-gel/113901139,4.0,113901139.0,male,female,female,0.602940935759486,0.256729977269483,0.14032908697103105
198,www.tesco.com/groceries/en-GB/products/268179867,1.0,268179867.0,female,male,male,0.30518366843571765,0.5656910099609114,0.12912532160337103
199,https://groceries.morrisons.com/products/morrisons-dynamic-body-spray/107218763,4.0,107218763.0,male,male,neutral,0.42743171697160565,0.44441639037918174,0.1281518926492127
200,https://groceries.morrisons.com/products/venus-skin-smoothing-exfoliant/112601118,4.0,112601118.0,female,female,female,0.7268950427699095,0.14407449502873693,0.1290304622013536
201,https://groceries.morrisons.com/products/nutmeg-ice-fresh-anti-perspirant-deodorant-250ml/107218683,4.0,107218683.0,male,male,male,0.2571277464806231,0.6202563945873463,0.12261585893203063
202,www.tesco.com/groceries/en-GB/products/285513527,1.0,285513527.0,female,female,neutral,0.4502228597906594,0.4394951886677189,0.11028195154162171
203,https://groceries.morrisons.com/products/oral-b-pro-expert-professional-protection-clean-mint-toothpaste/102518214,4.0,102518214.0,neutral,male,neutral,0.3434531796660955,0.49201831683428593,0.16452850349961856
204,https://groceries.morrisons.com/products/sure-men-anti-perspirant-deodorant-non-stop-sensitive/112922595,4.0,112922595.0,male,male,male,0.17986315402385752,0.7075639245722047,0.11257292140393775
205,https://www.sainsburys.co.uk/gol-ui/product/bassetts-vitamins-woman-multivitamins-multiminerals-raspberry-flavour-pastilles-x30,2.0,8128090.0,female,female,female,0.6523783197141817,0.21711612183806872,0.13050555844774955
206,https://groceries.morrisons.com/products/wilkinson-sword-extra-2-beauty-womens-disposable-razors/100667224,4.0,100667224.0,female,female,female,0.7019381451015849,0.2214692770958915,0.07659257780252365
207,https://groceries.morrisons.com/products/venus-tropical-disposable-razors-3-pack/108553441,4.0,108553441.0,female,male,neutral,0.36577373141680386,0.4402231838347994,0.19400308474839675
208,http://groceries.asda.com/product/womens-toiletries/impulse-true-love-body-spray/74976117,3.0,74976117.0,female,female,female,0.5937449528667519,0.28999167718953067,0.11626336994371748
209,https://groceries.morrisons.com/products/impulse-true-love-body-spray-deodorant/100668358,4.0,100668358.0,female,female,female,0.5937449528667519,0.28999167718953067,0.11626336994371748
210,https://www.sainsburys.co.uk/gol-ui/product/centrum-multigummies-for-adults-cherry-berry-orange-gummies-x60,2.0,7940838.0,neutral,female,female,0.5368390017817617,0.32401345167264983,0.13914754654558845
211,https://groceries.morrisons.com/products/gillette-giftset-beard-wash-350ml-and-moisturiser-100ml/114148417,4.0,114148417.0,male,male,male,0.2143950157737901,0.676416307363728,0.10918867686248185
212,https://groceries.morrisons.com/products/king-c-gillette-beard-trimmer/111231477,4.0,111231477.0,male,male,male,0.21593404271933284,0.6747526355401366,0.1093133217405305
213,https://www.sainsburys.co.uk/gol-ui/product/gillette-shave-gel--sensitive-skin-200ml,2.0,6916214.0,male,male,male,0.19854795654735422,0.6959921426620818,0.10545990079056414
214,www.tesco.com/groceries/en-GB/products/265158920,1.0,265158920.0,female,female,female,0.7628173623062416,0.13344982503463998,0.10373281265911836
215,https://www.sainsburys.co.uk/gol-ui/product/be-you-monthly-patches-x5,2.0,8205148.0,neutral,male,male,0.24985882309185467,0.5908242823524894,0.159316894555656
216,https://www.sainsburys.co.uk/gol-ui/product/gillette-simply-venus-2-womens-disposable-razors-4-count,2.0,7844338.0,female,female,female,0.5064238998771821,0.32149974377209456,0.17207635635072333
217,http://groceries.asda.com/product/hair-removal--grooming/gillette-fusion-razor-blades/30419010,3.0,30419010.0,male,male,neutral,0.4434040468641692,0.45068685524694707,0.10590909788888374
218,https://groceries.morrisons.com/products/carolina-herrera-212-mens-edition-spray/100668446,4.0,100668446.0,male,female,female,0.579551848637299,0.2806956465744483,0.1397525047882527
219,https://www.sainsburys.co.uk/gol-ui/product/lynx-excite-shower-gel-225ml,2.0,8065379.0,male,male,neutral,0.4198904908101229,0.4455022652151114,0.13460724397476562
220,www.tesco.com/groceries/en-GB/products/268659645,1.0,268659645.0,neutral,male,male,0.16628741358543572,0.7373268191093421,0.09638576730522215
221,https://www.sainsburys.co.uk/gol-ui/product/sanex-men-skin-health-sensitive-care-shower-gel-400ml,2.0,8147046.0,male,female,female,0.6370482646119698,0.22326992010794694,0.13968181528008308
222,https://groceries.morrisons.com/products/gillette-male-intimate-shaving-cream--cleanser/113697570,4.0,113697570.0,male,male,male,0.24942938399684939,0.6159648513350989,0.1346057646680517
223,https://groceries.morrisons.com/products/king-of-shaves-antibacterial-shave-gel/113038275,4.0,113038275.0,male,male,male,0.18521725002384296,0.7100400476018492,0.10474270237430774
224,www.tesco.com/groceries/en-GB/products/311434938,1.0,311434938.0,male,male,male,0.21196918998433908,0.6772654944492951,0.11076531556636575
225,https://groceries.morrisons.com/products/charlie-red-body-spray/100754432,4.0,100754432.0,female,female,female,0.5168914407455067,0.3948808814933492,0.08822767776114399
226,www.tesco.com/groceries/en-GB/products/308107386,1.0,308107386.0,male,male,male,0.23220526673373457,0.6413273208743171,0.1264674123919482
227,www.tesco.com/groceries/en-GB/products/266078932,1.0,266078932.0,male,female,female,0.6928663073483536,0.17573093769104384,0.13140275496060255
228,https://groceries.morrisons.com/products/sanex-dermo-sensitive-deodorant-spray/113643256,4.0,113643256.0,female,female,female,0.6801304115732223,0.19545237717760885,0.12441721124916887
229,https://groceries.morrisons.com/products/solv-beauty-collagen-drink-supplement-summer-fruits/114083801,4.0,114083801.0,female,female,female,0.8043350609887056,0.1088880419955577,0.08677689701573685
230,https://groceries.morrisons.com/products/lindam-munchkin-shampoo-rinser/104519940,4.0,104519940.0,female,female,female,0.7372984947416463,0.13753840404522105,0.1251631012131326
231,https://groceries.morrisons.com/products/head--shoulders-ultra-total-care-2-in-1/113652021,4.0,113652021.0,male,female,neutral,0.42773723209110653,0.41709806111841374,0.1551647067904797
232,http://groceries.asda.com/product/hair-care-dye--styling/loreal-excellence-creme--natural-light-brown-permanant-hair-dye/391793,3.0,391793.0,female,male,male,0.2616937426769267,0.6337189626425997,0.1045872946804736
233,http://groceries.asda.com/product/hair-care-dye--styling/loreal-excellence-creme--natural-light-brown-permanant-hair-dye/391793,3.0,391793.0,female,male,male,0.2616937426769267,0.6337189626425997,0.1045872946804736
234,https://groceries.morrisons.com/products/seven-seas-jointcare--turmeric-60s/114029602,4.0,114029602.0,neutral,female,female,0.5638241839987411,0.34867834290071364,0.08749747310054515
235,https://groceries.morrisons.com/products/bassetts-vitamins-woman-raspberry-multivitamins--minerals-30s/112980461,4.0,112980461.0,female,female,female,0.6580801435248641,0.2130272647044717,0.12889259177066428
236,https://groceries.morrisons.com/products/lynx-attract-for-him-body-spray-deodorant-aerosol/104211540,4.0,104211540.0,male,female,neutral,0.4846644317417322,0.3664051203249158,0.14893044793335192
237,https://groceries.morrisons.com/products/lacoste-red-eau-de-toilette-spray-75ml/113683590,4.0,113683590.0,male,female,neutral,0.4926919202886108,0.42817991363775576,0.07912816607363331
238,https://www.sainsburys.co.uk/gol-ui/product/wild-nutrition-pure-strength-omega-3-capsules-x120,2.0,8204632.0,female,female,female,0.5834906039050717,0.2755721030949831,0.14093729299994515
239,https://www.sainsburys.co.uk/gol-ui/product/dove-fruity-nourish-body-wash-450ml,2.0,8187643.0,neutral,female,female,0.5541956034760613,0.3108379397002114,0.1349664568237273
240,www.tesco.com/groceries/en-GB/products/305038915,1.0,305038915.0,male,female,female,0.6358765197384121,0.23050661813656703,0.13361686212502086
241,www.tesco.com/groceries/en-GB/products/263762305,1.0,263762305.0,female,female,female,0.7460620029548833,0.16128376077070572,0.0926542362744109
242,https://www.sainsburys.co.uk/gol-ui/product/seven-seas-complete-multivitamin-50-womens,2.0,7586488.0,female,female,female,0.5778060598105422,0.3156372790669506,0.10655666112250717
243,https://www.sainsburys.co.uk/gol-ui/product/vitabiotics-wellwoman-max-triple-pack-tablets-capsules-x84,2.0,7810455.0,female,female,female,0.7017026314320381,0.19438146747637536,0.1039159010915864
244,www.tesco.com/groceries/en-GB/products/287261527,1.0,287261527.0,female,female,female,0.6418393923506758,0.23119461824542986,0.12696598940389434
245,www.tesco.com/groceries/en-GB/products/312995750,1.0,312995750.0,male,female,female,0.5060830720134066,0.40390200004484006,0.09001492794175324
246,https://groceries.morrisons.com/products/clipper-organic-pure-green-tea-80-unbleached-bags/111808782,4.0,111808782.0,neutral,male,male,0.1518548471456271,0.7218967018599629,0.12624845099440996
247,https://groceries.morrisons.com/products/so-ibiza-dreams-body-mist/110431493,4.0,110431493.0,female,female,female,0.7348795566747612,0.16361321133370882,0.10150723199152999
248,https://groceries.morrisons.com/products/pmp-gillette-mach3-value-pack-razor--11-blades/113037491,4.0,113037491.0,male,male,male,0.29500411558647766,0.5645404750712494,0.14045540934227296
249,https://groceries.morrisons.com/products/veet-pure-hair-removal-cream-body--legs-for-sensitive-skin/100672648,4.0,100672648.0,female,female,female,0.7428088173689164,0.1334809163964833,0.12371026623460032
250,www.tesco.com/groceries/en-GB/products/268717180,1.0,268717180.0,female,female,female,0.767220016467092,0.11886317909469865,0.1139168044382094
251,https://groceries.morrisons.com/products/calvin-klein-ck-in2u-him/110413244,4.0,110413244.0,male,male,male,0.2377253631301018,0.6468171296909768,0.11545750717892138
252,https://groceries.morrisons.com/products/vampire-vape-black-jack-12mg/112693497,4.0,112693497.0,female,male,male,0.3163736598630813,0.5786481315097712,0.10497820862714752
253,https://groceries.morrisons.com/products/impulse-tease-body-spray-deodorant/100668286,4.0,100668286.0,female,female,female,0.551812830996976,0.29517842368471,0.15300874531831396
254,www.tesco.com/groceries/en-GB/products/316188910,1.0,316188910.0,female,female,female,0.7484324171925194,0.14844113778129275,0.10312644502618773
255,https://groceries.morrisons.com/products/lynx-deodorant-bodyspray-aerosol-jungle-fresh/113643029,4.0,113643029.0,male,male,male,0.22643175013600578,0.6255023922549651,0.148065857609029
256,www.tesco.com/groceries/en-GB/products/305248649,1.0,305248649.0,male,female,female,0.633909993192259,0.22861368543828697,0.13747632136945406
257,www.tesco.com/groceries/en-GB/products/258873924,1.0,258873924.0,male,female,female,0.5751722189491661,0.28270062737156704,0.1421271536792668
258,www.tesco.com/groceries/en-GB/products/314414376,1.0,314414376.0,female,female,female,0.7006839158502848,0.20028849381423672,0.09902759033547845
259,https://www.sainsburys.co.uk/gol-ui/product/gillette-venus-swirl-womens-razor-blade-6-refills,2.0,8015520.0,female,female,female,0.7140625279998228,0.16226466466861508,0.12367280733156202
260,https://groceries.morrisons.com/products/durex-play-water-based-strawberry-lubricant-gel/111001090,4.0,111001090.0,female,female,female,0.69919866645126,0.19957469320546076,0.10122664034327919
261,https://groceries.morrisons.com/products/durex-pleasure-me-ribbed-and-dotted-condoms/107532040,4.0,107532040.0,female,female,female,0.7311385128568763,0.1810226229840221,0.08783886415910169
262,www.tesco.com/groceries/en-GB/products/258910242,1.0,258910242.0,female,female,female,0.5446747377586825,0.30213665241853993,0.1531886098227776
263,https://groceries.morrisons.com/products/skyn-condoms-large/108383875,4.0,108383875.0,male,male,male,0.35636040002813824,0.5231646811020694,0.12047491886979243
264,https://groceries.morrisons.com/products/so-unique-sweet-pea-body-mist/113261696,4.0,113261696.0,female,female,female,0.6577579827212379,0.22751494280766907,0.11472707447109295
265,https://groceries.morrisons.com/products/bulldog-sensitive-moisturiser/105696278,4.0,105696278.0,male,female,female,0.6828920887095146,0.1836706888510284,0.133437222439457
266,https://groceries.morrisons.com/products/spatone-liquid-iron-apple-14-day/113814094,4.0,113814094.0,female,male,male,0.22213228461993378,0.6327765244255112,0.145091190954555
267,https://groceries.morrisons.com/products/nivea-pearl--beauty-48h-anti-perspirant-deodorant-spray/100757721,4.0,100757721.0,female,female,female,0.7295841361219403,0.15276741612040248,0.11764844775765726
268,https://www.sainsburys.co.uk/gol-ui/product/venus-deluxe-smooth-sensitive-rosegold-razor-1-blade,2.0,8051081.0,female,female,female,0.7179362540225687,0.15116688938838455,0.1308968565890469
269,https://groceries.morrisons.com/products/garnier-nutrisse-ultra-iced-coffee-brown-415-permanent-hair-dye/100909326,4.0,100909326.0,female,male,male,0.2178077713736924,0.677879289293847,0.10431293933246054
270,https://www.sainsburys.co.uk/gol-ui/product/wilkinson-sword-quattro-for-women-razor,2.0,6380899.0,female,female,female,0.6458736792159929,0.2572318954775653,0.09689442530644188
271,www.tesco.com/groceries/en-GB/products/317407363,1.0,317407363.0,neutral,female,neutral,0.48559058550871187,0.4058975994605305,0.10851181503075764
272,https://www.sainsburys.co.uk/gol-ui/product/sainsburys-health-matters-digestion-good-gut-mental-focus-30-one-a-day,2.0,8164394.0,neutral,male,male,0.2575362870406462,0.5818289925023177,0.1606347204570361
273,www.tesco.com/groceries/en-GB/products/296936160,1.0,296936160.0,neutral,male,male,0.19545807501177065,0.6900986077207378,0.11444331726749148
274,https://groceries.morrisons.com/products/september-scent-solar-haze-body-mist/112177599,4.0,112177599.0,female,female,female,0.6246220335538398,0.2345531905492864,0.14082477589687373
275,http://groceries.asda.com/product/hair-removal--grooming/gillette-fusion-razor-blades/30419011,3.0,30419011.0,male,male,male,0.32855561734702293,0.5417736859257649,0.1296706967272123
276,https://groceries.morrisons.com/products/nivea-men-cool-kick-48h-anti-perspirant-deodorant-spray/100696228,4.0,100696228.0,male,male,male,0.2240256878580352,0.6664638560497989,0.10951045609216589
277,https://www.sainsburys.co.uk/gol-ui/product/loreal-men-expert-magnesium-defence-shower-gel,2.0,8123746.0,male,female,female,0.5374860289712078,0.3153564477122932,0.1471575233164989
278,https://groceries.morrisons.com/products/cerruti-pur-homme-spray/112593091,4.0,112593091.0,male,female,female,0.6926957238047301,0.1717675826565334,0.13553669353873646
279,https://groceries.morrisons.com/products/dentyl-advance-protection-smooth-mint-mouthwash/113911960,4.0,113911960.0,neutral,male,male,0.2917813152946001,0.5097635521234691,0.1984551325819307
280,https://www.sainsburys.co.uk/gol-ui/product/colgate-sensitive-foam-white-toothpaste-75ml,2.0,7751051.0,neutral,female,female,0.6679823860398445,0.19576252026512353,0.136255093695032
281,https://groceries.morrisons.com/products/lynx-anti-perspirant-deodorant-stick-africa/113897707,4.0,113897707.0,male,male,male,0.16427905843614277,0.7393997388504985,0.09632120271335869
282,https://www.sainsburys.co.uk/gol-ui/product/seven-seas-complete-multivitamins-men-50-one-a-day-tablets-x28,2.0,8162856.0,male,female,female,0.5148145910312993,0.36190342346042803,0.12328198550827259
283,https://groceries.morrisons.com/products/chewy-vites-adults-immune-support-30s/114021053,4.0,114021053.0,female,female,female,0.6489160130047595,0.2491099636079903,0.10197402338725023
284,https://groceries.morrisons.com/products/domestos-spray-bleach-multipurpose-cleaner/111144306,4.0,111144306.0,neutral,female,female,0.5031440416209376,0.35776506128104435,0.139090897098018
285,www.tesco.com/groceries/en-GB/products/299425437,1.0,299425437.0,female,female,female,0.5757973981812577,0.28066846161308207,0.14353414020566013
286,https://groceries.morrisons.com/products/nivea-original-care-lip-balm/113293639,4.0,113293639.0,neutral,female,female,0.5664868959434735,0.28449529059820394,0.1490178134583227
287,https://groceries.morrisons.com/products/domestos-original-thick-bleach/100444514,4.0,100444514.0,male,male,male,0.21424193658511012,0.683137457547365,0.10262060586752499
288,https://groceries.morrisons.com/products/gillette-skinguard-sensitive-razors-for-men-4-refill-razor-blades/110390960,4.0,110390960.0,male,female,female,0.6347050991575459,0.22397825104695998,0.14131664979549408
289,www.tesco.com/groceries/en-GB/products/314926219,1.0,314926219.0,neutral,female,female,0.5091679080573914,0.3762450052638261,0.1145870866787825
290,https://groceries.morrisons.com/products/bassetts-adult-vitamin-d-apple--raspberry-30s/114013820,4.0,114013820.0,neutral,female,female,0.5091679080573914,0.3762450052638261,0.1145870866787825
291,www.tesco.com/groceries/en-GB/products/313833970,1.0,313833970.0,male,male,male,0.16767766689454372,0.7348096572426757,0.09751267586278067
292,https://groceries.morrisons.com/products/bic-twin-lady-disposable-razor/113867090,4.0,113867090.0,female,female,female,0.77427312406869,0.1243670059672583,0.1013598699640517
293,https://groceries.morrisons.com/products/pro-plus-caffeine-tablets/100696922,4.0,100696922.0,female,male,neutral,0.4001378574478796,0.4182311925602627,0.18163094999185764
294,https://www.sainsburys.co.uk/gol-ui/product/smooth%21-5-blade-razor-cartridges-x2,2.0,8106004.0,female,female,neutral,0.4035489895348389,0.40107376423301794,0.19537724623214314
295,https://groceries.morrisons.com/products/lynx-shower-gel-dark-temptation/111851203,4.0,111851203.0,male,male,neutral,0.3915982313418382,0.4759158921777061,0.13248587648045584
296,https://groceries.morrisons.com/products/vitabiotics-menopace-original-tablets/100701761,4.0,100701761.0,female,female,female,0.6673176581422822,0.25038212589050823,0.08230021596720945
297,www.tesco.com/groceries/en-GB/products/301430036,1.0,301430036.0,male,male,male,0.24164944199906474,0.6444448775184303,0.11390568048250499
298,https://groceries.morrisons.com/products/venus-fig-post-shave-serum/112556134,4.0,112556134.0,female,female,female,0.7051054383315525,0.16786920821613416,0.1270253534523133
299,www.tesco.com/groceries/en-GB/products/312351591,1.0,312351591.0,male,female,neutral,0.47477197102218943,0.42340644172616226,0.10182158725164826
300,https://groceries.morrisons.com/products/venus-comfortglide-sensitive-3-count-blades/113688665,4.0,113688665.0,female,male,neutral,0.38238351600448933,0.4194296170726421,0.1981868669228687
301,https://groceries.morrisons.com/products/original-source-lemon--tea-tree-shower-gel/109159832,4.0,109159832.0,neutral,female,neutral,0.4820573426815348,0.37283711582907003,0.14510554148939514
302,https://groceries.morrisons.com/products/lynx-ice-chill-body-spray-for-men/110375882,4.0,110375882.0,male,female,neutral,0.46678170301096544,0.36226414788760514,0.17095414910142934
303,https://groceries.morrisons.com/products/venus-olay-blades-6-pack/105264483,4.0,105264483.0,female,female,female,0.6974795982986526,0.17277278127181162,0.12974762042953575
304,https://groceries.morrisons.com/products/gillette-labs-gold-razor--1-blade/113699102,4.0,113699102.0,male,female,neutral,0.4280474845469265,0.4190337687465405,0.15291874670653297
305,https://groceries.morrisons.com/products/sure-women-antiperspirant-deo-roll-on-essential-bright-bouquet/113643651,4.0,113643651.0,female,male,male,0.17109647104528936,0.7311281730002709,0.09777535595443983
306,https://www.sainsburys.co.uk/gol-ui/product/gillette-venus---olay-womens-razor-blade-refills-x3,2.0,7619623.0,female,female,female,0.689110461506694,0.17919627395874635,0.13169326453455982
307,https://groceries.morrisons.com/products/edge-virginia-tobacco-e-liquid-12mg/112100891,4.0,112100891.0,neutral,female,neutral,0.43881332212456137,0.42716430318609394,0.13402237468934475
308,http://groceries.asda.com/product/skin-care/loreal-paris-age-perfect-day-moisturising-cream/439637,3.0,439637.0,female,female,female,0.6449907301217321,0.21847403889789194,0.13653523098037593
309,https://groceries.morrisons.com/products/sure-men-antiperspirant-deodorant-invisible-ice-aerosol/112922413,4.0,112922413.0,male,female,female,0.5932578845111168,0.28450479440435233,0.12223732108453085
310,https://www.sainsburys.co.uk/gol-ui/product/vitabiotics-wellteen-her--13-19-years-x30,2.0,7810526.0,female,female,female,0.7166569672278752,0.16559860406148702,0.11774442871063784
311,https://groceries.morrisons.com/products/lynx-antiperspirant-deodorant-roll-on-epic-fresh/113642755,4.0,113642755.0,male,male,neutral,0.3961700927112072,0.4728652274012773,0.13096467988751553
312,https://groceries.morrisons.com/products/gillette-skinguard-sensitive-razors-for-men-8-refill-razor-blades/110390935,4.0,110390935.0,male,female,female,0.5357991544264352,0.3184411337199634,0.1457597118536013
313,www.tesco.com/groceries/en-GB/products/308476823,1.0,308476823.0,male,female,neutral,0.4959863776201998,0.3671559026506801,0.1368577197291202
314,https://www.sainsburys.co.uk/gol-ui/product/centrum-conception-vitamins-with-folic-acid-tablets-x30,2.0,8200270.0,female,female,female,0.7410778772656137,0.14223221206838518,0.11668991066600122
315,https://groceries.morrisons.com/products/nivea-men-cool-kick-48h-anti-perspirant-deodorant-spray/108097641,4.0,108097641.0,male,male,male,0.2604280136788619,0.6226607169336242,0.11691126938751374
316,https://www.sainsburys.co.uk/gol-ui/product/simple-shower-refreshing-shower-gel-250ml,2.0,3727850.0,neutral,male,male,0.1584338594065683,0.7144455613187128,0.12712057927471876
317,https://groceries.morrisons.com/products/gillette-fusion5-starter-pack-handle--4-razor-blades/109691749,4.0,109691749.0,male,male,male,0.3213375640545557,0.5516141336081521,0.12704830233729203
318,https://www.sainsburys.co.uk/gol-ui/product/haliborange-effervescent-vitamin-c--blackcurrant-flavour-x20,2.0,6904878.0,neutral,female,female,0.5719476490443075,0.29832270298483854,0.12972964797085387
319,https://groceries.morrisons.com/products/sure-women-antiperspirant-deodorant-cotton-dry-aerosol/112923061,4.0,112923061.0,female,female,female,0.5312023633542547,0.36929290226213046,0.09950473438361469
320,http://groceries.asda.com/product/skin-care/loreal-paris-revitalift-antiwrinkle--firming-eye-moisturiser-cream/21049,3.0,21049.0,female,female,neutral,0.46147828765438453,0.4429843819746033,0.09553733037101204
321,https://groceries.morrisons.com/products/rock-face-original-body-spray-deodorant/113302689,4.0,113302689.0,male,male,male,0.23025332556532224,0.6379127489566625,0.13183392547801528
322,https://groceries.morrisons.com/products/morrisons-womens-health-vitamins/110620382,4.0,110620382.0,female,female,female,0.6700748515268911,0.20083297125813374,0.12909217721497518
323,https://groceries.morrisons.com/products/dove-women-antiperspirant-deodorant-coconut--jasmin/113290999,4.0,113290999.0,female,female,female,0.6351600500909071,0.22784383208712494,0.13699611782196788
324,https://www.sainsburys.co.uk/gol-ui/product/dove-men-care-sensitive-hair-face-body-wash-400ml,2.0,8113834.0,male,male,male,0.30065459503103725,0.5719534819131084,0.12739192305585442
325,https://groceries.morrisons.com/products/dove-men-body-wash-sensitive-shield/113259588,4.0,113259588.0,male,male,male,0.30065459503103725,0.5719534819131084,0.12739192305585442
326,https://groceries.morrisons.com/products/gillette-male-intimate-precision-trimmer/113697609,4.0,113697609.0,male,male,neutral,0.3612739660864024,0.4910017918751484,0.14772424203844933
327,https://www.sainsburys.co.uk/gol-ui/product/solgar-biotin-1000%C2%B5g-vegetable-capsules-x50,2.0,8127817.0,neutral,female,neutral,0.4684119637384355,0.3956814862175891,0.13590655004397534
328,https://groceries.morrisons.com/products/wilkinson-sword-intuition-ultra-moisture-womens-razor-blades/108757718,4.0,108757718.0,female,male,neutral,0.4308393056032755,0.43865752457499313,0.13050316982173135
329,https://groceries.morrisons.com/products/bic-soleil-scent-3-blade-shaver/111081499,4.0,111081499.0,female,female,female,0.7634444696603817,0.13356766605988749,0.10298786427973085
330,https://groceries.morrisons.com/products/mitchum-roll-on-sport/100696826,4.0,100696826.0,male,male,male,0.15565241917505251,0.7225683138766787,0.12177926694826888
331,https://groceries.morrisons.com/products/dove-women-advanced-antiperspirant-deodorant-roll-on-invisible-dry/112922721,4.0,112922721.0,female,male,male,0.17178875460669113,0.7302721368322858,0.09793910856102299
332,https://www.sainsburys.co.uk/gol-ui/product/gillette-venus-womens-razor,2.0,7907869.0,female,male,neutral,0.3771899619729663,0.45721268766510453,0.1655973503619292
333,https://groceries.morrisons.com/products/morrisons-twin-blade-disposable-razors/112192983,4.0,112192983.0,male,female,female,0.6370668727095237,0.20195248453798667,0.16098064275248963
334,https://groceries.morrisons.com/products/tresemme-biotin-repair-shampoo/112966491,4.0,112966491.0,female,female,neutral,0.46270806751648036,0.40898767407494835,0.12830425840857118
335,https://www.sainsburys.co.uk/gol-ui/product/venus-deluxe-smooth-sensitive-rosegold-razor-3-blades,2.0,8051079.0,female,female,female,0.5608607790514759,0.2768229051894537,0.16231631575907038
336,https://groceries.morrisons.com/products/nivea-black--white-original-72h-anti-perspirant-deodorant-spray/102301656,4.0,102301656.0,female,male,male,0.2711405105031496,0.6056328602632925,0.12322662923355772
337,https://www.sainsburys.co.uk/gol-ui/product/hri-water-balance-x60,2.0,7647647.0,neutral,male,neutral,0.36565260156008844,0.4253736239190855,0.20897377452082597
338,https://www.sainsburys.co.uk/gol-ui/product/hri-water-balance-x60,2.0,7647647.0,neutral,male,neutral,0.36565260156008844,0.4253736239190855,0.20897377452082597
339,https://groceries.morrisons.com/products/sure-men-antiperspirant-deodorant-roll-on-essential-sensitive/113643459,4.0,113643459.0,male,male,male,0.3111032366914449,0.5385821099705492,0.15031465333800595
340,https://groceries.morrisons.com/products/impulse-inner-glow-body-mist/114241881,4.0,114241881.0,female,male,neutral,0.4174497037925766,0.4336730805900079,0.14887721561741543
